file_id,message_id,uploader_id,file_name,file_type,file_size_kb,storage_url,uploaded_at
1,1,10,technology.pdf,application/pdf,4785,https://storage.example.com/uploads/795f87d0-fcbd-4322-910f-46a1719adf8c/technology.pdf,2025-11-28 02:16:58
2,2,45,ground.zip,application/zip,11396,https://storage.example.com/uploads/9f4815c3-b902-4156-9dc2-8efee02d7a9f/ground.zip,2026-04-25 12:28:23
3,3,52,glass.zip,application/zip,8054,https://storage.example.com/uploads/b2d92255-a23d-449a-83e9-a106f84e6bf8/glass.zip,2025-12-28 18:41:02
4,4,46,teach.mp4,video/mp4,12821,https://storage.example.com/uploads/32b73366-b213-4b20-8932-515a530fc2af/teach.mp4,2026-02-02 13:19:43
5,8,57,various.jpg,image/jpeg,5349,https://storage.example.com/uploads/6ecc0a4c-7f45-42e1-b8d0-1ae1e3196d1d/various.jpg,2026-03-19 02:59:51
6,9,12,speech.docx,application/vnd.openxmlformats-officedocument.wordprocessingml.document,4602,https://storage.example.com/uploads/dc6f8d44-5761-4b06-87a8-57ad1145e988/speech.docx,2025-12-18 18:03:46
7,11,12,local.docx,application/vnd.openxmlformats-officedocument.wordprocessingml.document,5990,https://storage.example.com/uploads/060c8bba-c79c-4957-8f93-c4d067a9e048/local.docx,2025-11-26 16:05:07
8,13,22,and.png,image/png,9248,https://storage.example.com/uploads/f8640b94-b285-4322-9dd9-b4ae534b8e1b/and.png,2025-12-09 12:06:11
9,18,17,expect.jpg,image/jpeg,9713,https://storage.example.com/uploads/de245b80-4b6e-4a04-9aaa-c90eaa401eb2/expect.jpg,2025-12-06 00:17:47
10,22,33,whom.mp4,video/mp4,2957,https://storage.example.com/uploads/f9e2100f-6747-48dd-b46d-6e9cdf382136/whom.mp4,2026-01-04 04:40:31
11,25,39,specific.zip,application/zip,12586,https://storage.example.com/uploads/467d16d5-e7a7-4db0-95e6-f57a02c459b8/specific.zip,2026-02-22 13:38:34
12,26,56,television.mp4,video/mp4,450,https://storage.example.com/uploads/d03d4be9-a5f9-4e68-970c-6767fd483c6c/television.mp4,2025-12-09 08:31:17
13,28,24,issue.zip,application/zip,7573,https://storage.example.com/uploads/42ac0acf-32c9-4a44-b0cb-52ddd3b1fe46/issue.zip,2026-04-22 15:10:43
14,35,57,himself.zip,application/zip,3444,https://storage.example.com/uploads/fbf29e12-5783-43ac-8756-7c57a7bc6f6d/himself.zip,2026-02-09 07:02:16
15,37,29,sure.docx,application/vnd.openxmlformats-officedocument.wordprocessingml.document,13079,https://storage.example.com/uploads/7e6c5320-af7b-4ca7-9cd6-3253754cdae5/sure.docx,2026-04-09 11:22:00
16,38,18,lawyer.pdf,application/pdf,13629,https://storage.example.com/uploads/9bc5b844-4faf-4377-80ce-2788202a34ab/lawyer.pdf,2025-11-30 10:06:05
17,39,18,mean.zip,application/zip,1143,https://storage.example.com/uploads/a192e1f8-2bf8-42d7-9a79-06d111d2867b/mean.zip,2026-04-11 02:20:54
18,40,33,over.docx,application/vnd.openxmlformats-officedocument.wordprocessingml.document,11036,https://storage.example.com/uploads/f9a60a3c-0847-4854-a48c-3126303ae9ce/over.docx,2026-04-13 09:19:47
19,42,6,practice.docx,application/vnd.openxmlformats-officedocument.wordprocessingml.document,2290,https://storage.example.com/uploads/14959833-ad22-4966-94d3-67cc05bed4d4/practice.docx,2026-02-17 20:05:14
20,46,47,interest.zip,application/zip,4971,https://storage.example.com/uploads/b5663c99-383d-4827-aa0f-3fdb2fb1a38c/interest.zip,2026-04-16 00:41:35
21,56,7,include.jpg,image/jpeg,4149,https://storage.example.com/uploads/a899abf1-668a-4e7e-a366-c0773d9cb572/include.jpg,2026-03-07 09:24:08
22,59,17,age.zip,application/zip,2535,https://storage.example.com/uploads/5b931850-27b7-4d8f-a275-9c8841759a3b/age.zip,2026-03-17 22:43:36
23,60,24,help.zip,application/zip,6942,https://storage.example.com/uploads/9b81f71b-a3e2-42f2-a1ad-24c2ee9e48d3/help.zip,2026-01-24 09:46:43
24,61,20,sign.docx,application/vnd.openxmlformats-officedocument.wordprocessingml.document,1221,https://storage.example.com/uploads/b19fdb98-4789-473c-a295-2e8a6f94f0df/sign.docx,2025-12-18 07:42:36
25,62,10,worry.docx,application/vnd.openxmlformats-officedocument.wordprocessingml.document,9806,https://storage.example.com/uploads/367db37d-5638-41af-a11e-0f965f790aed/worry.docx,2026-03-18 21:45:39
26,65,20,stop.docx,application/vnd.openxmlformats-officedocument.wordprocessingml.document,9549,https://storage.example.com/uploads/1b4607fc-32b5-41df-a1ab-89d870851b6a/stop.docx,2026-02-02 12:26:35
27,66,21,garden.docx,application/vnd.openxmlformats-officedocument.wordprocessingml.document,8765,https://storage.example.com/uploads/44bfce94-7dab-45d9-9466-600ed474d5ae/garden.docx,2025-12-15 20:19:31
28,67,8,former.mp4,video/mp4,14258,https://storage.example.com/uploads/a7e68b70-a87f-43e1-8727-3c8b1030ce21/former.mp4,2026-04-16 07:47:03
29,68,19,body.zip,application/zip,6863,https://storage.example.com/uploads/fe2e12c8-d514-4ddc-b034-6fae290dc620/body.zip,2026-03-31 09:27:47
30,70,12,five.mp4,video/mp4,612,https://storage.example.com/uploads/056752f9-d1f1-45af-a183-7d9e744218b6/five.mp4,2026-04-28 14:40:03
31,81,30,blue.pdf,application/pdf,11505,https://storage.example.com/uploads/2dce1169-7343-41ee-9123-2ca6f6ab9afe/blue.pdf,2026-01-08 23:30:25
32,82,28,thing.mp4,video/mp4,9739,https://storage.example.com/uploads/e3a488d0-8af5-445a-81a8-9a354ef7f091/thing.mp4,2025-11-28 01:53:50
33,84,33,ok.zip,application/zip,14991,https://storage.example.com/uploads/d1648302-58a2-4ce5-b033-1459725910d2/ok.zip,2025-11-13 21:01:23
34,87,37,nothing.png,image/png,1801,https://storage.example.com/uploads/dfd97426-ffad-40e9-9fb1-1d24b0b67365/nothing.png,2025-12-27 00:23:30
35,88,40,well.jpg,image/jpeg,10784,https://storage.example.com/uploads/379af414-7fc1-452e-abd1-1f7c0fd89816/well.jpg,2026-03-19 22:27:57
36,95,34,plan.zip,application/zip,5826,https://storage.example.com/uploads/1dd21659-97b8-4064-a141-0514c92d9d06/plan.zip,2026-04-21 04:18:38
37,96,17,loss.jpg,image/jpeg,10610,https://storage.example.com/uploads/d24d05d4-61f7-463e-91fa-7b5df9d68f7c/loss.jpg,2026-05-11 17:16:28
38,100,40,include.mp4,video/mp4,735,https://storage.example.com/uploads/e3edf8e3-dbb2-42e7-a9c9-3ec2265d78b6/include.mp4,2026-04-08 05:06:52
39,73,45,consider.pdf,application/pdf,3283,https://storage.example.com/uploads/e2eb31a4-db49-4aac-b65f-6d10a4486bc9/consider.pdf,2025-12-23 04:28:39
40,97,39,official.jpg,image/jpeg,3536,https://storage.example.com/uploads/ed00411e-a110-4b5a-bf55-a9db59292024/official.jpg,2026-01-23 23:46:47
41,14,57,accept.png,image/png,817,https://storage.example.com/uploads/328d6b00-0139-415e-95c0-f20119257fdd/accept.png,2026-04-26 17:31:53
42,34,8,huge.png,image/png,4193,https://storage.example.com/uploads/0529f87b-2004-438a-8861-14cc42dea7ac/huge.png,2026-04-13 01:51:43
43,96,17,good.pdf,application/pdf,4581,https://storage.example.com/uploads/632c76ab-622c-4ab7-9696-9173883a5c81/good.pdf,2026-05-11 17:16:28
44,75,17,around.pdf,application/pdf,4722,https://storage.example.com/uploads/1ab52b83-c58f-40e9-b612-3e78791aefe4/around.pdf,2026-03-29 01:32:13
45,29,7,specific.jpg,image/jpeg,3074,https://storage.example.com/uploads/cec26600-a1e5-406e-9b6b-a9748111b995/specific.jpg,2026-04-22 13:09:38
46,51,43,miss.jpg,image/jpeg,4831,https://storage.example.com/uploads/863e78dd-a6df-4e80-989e-387cf45b6936/miss.jpg,2026-02-12 02:23:18
47,89,44,well.pdf,application/pdf,1244,https://storage.example.com/uploads/ba1fad0a-41fb-4764-b076-b4d9f3a694e5/well.pdf,2026-03-27 17:13:41
48,45,1,help.png,image/png,3964,https://storage.example.com/uploads/d616f661-e19c-4e7a-8e41-a436be4a1ff5/help.png,2026-04-03 17:25:09
49,14,57,clear.jpg,image/jpeg,3417,https://storage.example.com/uploads/b7f864d3-6321-486e-914c-2d291e2ac8ec/clear.jpg,2026-04-26 17:31:53
50,11,12,position.png,image/png,1170,https://storage.example.com/uploads/de5a5b58-f34d-4738-9a0f-0210e6c3be50/position.png,2025-11-26 16:05:07
