message_id,chat_id,sender_id,message_type,content,reply_to,is_deleted,created_at,edited_at
1,37,10,image,,,0,2025-11-28 02:16:58,
2,16,45,file,,,0,2026-04-25 12:28:23,
3,1,52,file,,,0,2025-12-28 18:41:02,
4,38,46,image,,,0,2026-02-02 13:19:43,
5,25,39,text,Beyond ready number once easy any close anything degree economy seat put win it modern real.,,0,2026-02-20 07:58:29,2026-02-20 08:08:29
6,26,25,text,Decade make those top subject.,,0,2026-05-09 08:04:41,
7,15,34,text,Somebody identify especially themselves college reach memory law tonight first thing.,,0,2025-12-20 13:07:09,
8,3,57,image,,,0,2026-03-19 02:59:51,
9,19,12,image,,,0,2025-12-18 18:03:46,
10,24,21,text,Process similar view television produce skin provide less this lot however loss personal teacher.,,1,2026-02-05 05:22:45,2026-02-05 05:38:45
11,19,12,file,,,1,2025-11-26 16:05:07,
12,26,55,text,Rock international water decade form age group boy season create nor police program trial production let suffer language question month.,,0,2025-12-15 10:10:29,
13,17,22,file,,,0,2025-12-09 12:06:11,
14,40,57,text,Probably base police natural mind produce best certain mother same.,,0,2026-04-26 17:31:53,2026-04-26 17:41:53
15,8,7,text,Contain prepare.,,0,2026-05-07 17:50:19,
16,35,22,text,Truth write draw especially too civil about by voice fast old partner sit color coach question city.,,0,2026-04-09 04:47:20,
17,27,38,text,Oil television world other individual book against soldier just end along three toward region understand investment minute stage clear either most.,,0,2026-02-14 01:36:41,
18,29,17,file,,,0,2025-12-06 00:17:47,2025-12-06 00:29:47
19,23,17,text,Action go near yet what speech either drop technology fact movement.,,0,2026-04-23 00:31:03,
20,39,56,text,Individual PM start hand first test speak treatment drug might sure building center.,,0,2025-12-16 07:56:24,
21,36,30,text,Child nice by force who significant.,,0,2025-12-24 17:32:56,
22,18,33,file,,,0,2026-01-04 04:40:31,
23,9,17,text,Point difference general when at black miss him recently young wish.,,0,2025-11-03 13:20:05,
24,27,2,text,Condition religious support power force.,,0,2026-03-18 00:41:32,
25,33,39,file,,,1,2026-02-22 13:38:34,
26,4,56,file,,,0,2025-12-09 08:31:17,
27,5,34,text,Amount best spring soldier model every tax wait.,,0,2026-02-12 05:34:45,
28,21,24,file,,,0,2026-04-22 15:10:43,
29,8,7,text,Rise fast act where ten call meeting pass song off situation market.,,0,2026-04-22 13:09:38,
30,21,24,text,Direction light thank break police research official player health Republican could.,,0,2025-12-26 16:56:32,
31,6,43,text,Street newspaper manager many enter himself view outside.,,0,2026-03-22 03:33:53,
32,38,15,text,Edge thousand writer realize scientist indeed later.,,0,2026-04-10 16:18:05,
33,19,12,text,Arrive task such individual attack sound story building tonight prove sign ago article structure.,,0,2026-05-03 16:34:31,
34,36,8,text,Century new born bring trip weight listen mother near season us available.,,1,2026-04-13 01:51:43,
35,40,57,image,,,0,2026-02-09 07:02:16,
36,20,18,text,Approach early first energy material site support.,,0,2026-04-02 01:49:31,
37,2,29,image,,,0,2026-04-09 11:22:00,
38,20,18,image,,,0,2025-11-30 10:06:05,
39,40,18,image,,,0,2026-04-11 02:20:54,
40,18,33,image,,,0,2026-04-13 09:19:47,
41,38,26,text,Support tend prove consumer onto himself so audience work author cost church.,,0,2026-03-30 22:21:58,2026-03-30 22:23:58
42,20,6,image,,,0,2026-02-17 20:05:14,
43,28,33,text,Reach already national follow mother after government can street money surface kitchen office no tough away both would reflect occur three once statement born social have report.,,0,2026-05-10 17:01:38,
44,23,52,text,Yard feeling morning issue.,,0,2026-04-24 23:27:52,2026-04-24 23:55:52
45,28,1,text,Wait question prepare anyone environmental occur better picture marriage maintain no season attack.,,0,2026-04-03 17:25:09,
46,40,47,file,,14,0,2026-04-16 00:41:35,
47,38,38,text,Industry one machine radio either cell go wear whatever author remain summer few bad describe even front traditional realize.,41,0,2026-03-09 06:44:15,
48,5,34,text,Strategy week event science space per bag amount learn beautiful protect.,27,0,2026-03-13 18:43:52,
49,10,57,text,Probably data doctor peace alone factor return risk quite summer.,,0,2025-12-26 19:05:38,
50,12,19,text,Hot free most relationship public strategy agree shoulder remember account wind office.,,0,2026-03-02 22:45:48,
51,10,43,text,Agent tonight interest church trouble seek plan claim top start structure song quickly feel.,,0,2026-02-12 02:23:18,
52,5,15,text,Fly local agree piece.,,0,2026-02-16 21:59:46,
53,6,54,text,Someone order strong standard prevent money per discuss pull adult build would name hold rich consider.,31,0,2026-04-21 02:03:58,2026-04-21 02:22:58
54,21,48,text,North peace activity science mother several that finally.,30,0,2025-12-07 14:57:06,
55,6,43,text,Experience appear determine right again production mouth force player contain left response major least ago hand name.,31,0,2026-03-18 18:01:09,
56,27,7,image,,,0,2026-03-07 09:24:08,
57,25,28,text,Food authority until away visit vote international health medical.,,1,2025-12-22 08:27:08,2025-12-22 08:37:08
58,26,4,text,Oil wide one response.,,0,2026-03-23 17:09:00,
59,9,17,image,,,0,2026-03-17 22:43:36,
60,14,24,file,,,0,2026-01-24 09:46:43,2026-01-24 09:51:43
61,7,20,image,,,0,2025-12-18 07:42:36,
62,12,10,image,,,0,2026-03-18 21:45:39,
63,29,56,text,Term situation politics purpose able likely four fire drop heart notice card class understand.,,0,2026-01-29 07:27:23,
64,31,36,text,Someone daughter yes open if religious start gas know third young third reason really woman.,,0,2026-02-14 20:32:50,
65,27,20,file,,17,0,2026-02-02 12:26:35,
66,24,21,file,,,0,2025-12-15 20:19:31,
67,18,8,file,,,0,2026-04-16 07:47:03,
68,29,19,file,,,0,2026-03-31 09:27:47,
69,6,54,text,Early toward network alone action trade list similar sea out course season onto.,55,0,2026-03-07 15:22:37,
70,19,12,image,,,0,2026-04-28 14:40:03,
71,6,43,text,Turn notice require fear whole fill section.,,0,2026-04-10 19:15:53,
72,20,6,text,Effect factor forget husband quite onto leader institution doctor different decide best three property if source direction seem mean yeah in.,,0,2026-04-23 22:51:07,
73,32,45,text,Television several loss tonight process thought yes rather since each total her situation.,,0,2025-12-23 04:28:39,
74,23,60,text,Born yes spend suffer moment wind matter.,,0,2025-11-30 16:13:27,
75,34,17,text,Board while time receive claim training open table also enough political break film feeling budget.,,0,2026-03-29 01:32:13,
76,25,26,text,Big.,,0,2025-11-23 15:56:42,
77,7,24,text,Must big mind small can house your hold huge produce second body however.,,0,2026-01-04 10:11:36,
78,31,47,text,Team them audience near never avoid.,,0,2026-04-24 04:07:38,
79,13,19,text,Thank result near stock seven of amount short off Congress condition.,,0,2026-04-30 06:39:00,
80,13,51,text,Major win father parent high.,79,0,2026-02-11 12:48:28,
81,26,30,file,,,0,2026-01-08 23:30:25,
82,34,28,file,,,1,2025-11-28 01:53:50,
83,12,19,text,Shake result interest part prevent development.,,0,2026-02-20 05:48:30,
84,28,33,image,,,0,2025-11-13 21:01:23,
85,40,47,text,Your surface collection these.,,0,2026-04-04 04:23:53,
86,11,48,text,Attorney along fund bit tell read production bring young son tonight identify past.,,0,2025-11-23 12:54:17,
87,24,37,file,,,0,2025-12-27 00:23:30,
88,24,40,image,,,0,2026-03-19 22:27:57,
89,16,44,text,Help history project indicate drop every detail between nearly each.,,0,2026-03-27 17:13:41,2026-03-27 17:17:41
90,17,22,text,Test tonight either against science forward program floor.,,0,2026-05-07 04:33:43,
91,5,15,text,Effort theory citizen break citizen everything card him position financial learn production no.,52,0,2026-03-01 13:01:06,
92,36,55,text,List difficult strategy role land subject field claim dog same man list.,21,0,2026-03-17 19:35:44,
93,13,19,text,Mr claim loss option have hour nice condition budget mind among soldier name better allow eye job kid win some throughout arm pattern lead.,,1,2026-03-20 16:44:44,
94,9,17,text,Still answer day box environmental fly check sure paper turn kid center operation window.,59,0,2026-04-05 23:07:56,
95,5,34,file,,,0,2026-04-21 04:18:38,
96,9,17,image,,,0,2026-05-11 17:16:28,2026-05-11 17:18:28
97,34,39,text,West son I plan technology.,,0,2026-01-23 23:46:47,
98,19,17,text,It wrong read everyone green after professor drive anything near wind speech father describe oil reason hair go spring soldier against actually movie off during once remember.,,0,2026-02-23 00:46:27,
99,11,48,text,Against director style away candidate onto practice beyond vote study consider provide identify.,86,0,2025-11-08 10:42:16,
100,37,40,image,,,0,2026-04-08 05:06:52,
