user_id,username,email,password_hash,avatar_url,is_online,created_at,last_seen_at
1,jacob15,hpollard@example.net,7f6304e35e9bd401782c241863cdc59d6ef86f70f1cacb65b588d223b2e85122,https://avatars.example.com/jacob15.png,0,2026-02-28 09:59:45,2026-04-27 06:18:13
2,jeremiah49,sarah32@example.net,82c766673ffaa205959d794cfedfea8056f80c50c699b78766b80c7f61ffb47e,,0,2026-02-03 05:32:26,2026-05-12 21:38:33
3,jimenezcassandra,omyers@example.net,7793c2272c0f7ac6cb3b9d9a64b5e34cab5147a19b4369de09859d7ea876c016,,1,2025-05-28 18:28:49,
4,ycurtis,troygriffin@example.com,0686ffc79a85a94eaa22424deadca54b98b990019a203ed5362c9248428fe3a5,https://avatars.example.com/ycurtis.png,0,2025-12-20 09:25:39,2026-05-12 21:08:50
5,kennethhanna,briannareed@example.org,ba6ac3dcae848f510b2bc45f41c8ca6425a2211de26c3c63c9b638de4e5fbaa2,https://avatars.example.com/kennethhanna.png,1,2025-12-31 06:35:55,2026-04-16 17:48:57
6,mitchellkimberly,jonathanjohnson@example.com,587c947cba5b8721718bb3ce64f22c24e5d831b4a9c73b7b1ccedce3f59ade5f,https://avatars.example.com/mitchellkimberly.png,0,2026-02-11 13:22:30,2026-04-29 21:59:16
7,andersonanita,scott56@example.net,58aba48973c2f7f96964f8dbf76b215d743326040aef47c531773afbc622e1af,,0,2025-06-25 02:54:47,
8,xhill,george51@example.org,e668ad8fb3b3949835be2df0620d1347444adf7269339ca9c1243022611dd7e5,,0,2026-01-05 21:22:44,2026-04-18 12:52:04
9,carterdakota,jasonspence@example.net,c4f5227d0b149f54ea00883cc81bc30cbdf33547852ae52a7f637be8b27d1a18,https://avatars.example.com/carterdakota.png,0,2025-10-10 10:26:26,
10,erikbowen,torressamuel@example.org,1e3695e7baca564b2dfd0ffc68c1806489d68a7bfe44b9eef1cd9b0736e0ad47,https://avatars.example.com/erikbowen.png,0,2025-12-26 15:33:23,2026-04-19 19:16:55
11,shafferheidi,oterry@example.org,f06f1cbc37a6050c9957b4bd1e527a862a15d339369b09bb8003b22928c53a20,,0,2026-03-12 15:45:49,2026-04-20 07:12:31
12,brandonsmith,donnamedina@example.com,ec20004d114aa4b8489716b142e30694bcfa318da84cd28017f583370296baaf,https://avatars.example.com/brandonsmith.png,0,2025-10-11 01:16:39,2026-05-04 03:18:17
13,wangkaylee,victoria64@example.net,2413b3197b42ec598930dadf265681bbebedc31de5e50c9cdb24518f1e2cc944,,0,2025-08-05 18:59:29,2026-04-19 21:26:03
14,bmoran,savagelori@example.net,3e997f9d490a3bb492e63b4d47958e4f4cde698353b1e96076a6c2c736b5f106,https://avatars.example.com/bmoran.png,0,2025-12-09 20:47:20,2026-04-24 08:37:19
15,amy23,thomasmatthew@example.com,1dbe9970e1fe2a5153d0a64005bcccbdb0041c204d0d32db7acb90582328751e,https://avatars.example.com/amy23.png,0,2026-01-19 23:28:28,2026-04-27 02:06:52
16,hmiller,randywhite@example.net,2121d6dc803927b25f602889dd84f4a49b7f36dca738f465becd78cd12c40156,https://avatars.example.com/hmiller.png,0,2025-08-13 09:07:37,2026-05-01 17:46:25
17,jacob65,vsmith@example.org,316cf367783eaa6fdcb934f14f0befd7deafd12fbd349008b66cac2d87052777,https://avatars.example.com/jacob65.png,0,2025-08-06 08:44:49,2026-05-13 23:03:25
18,ijuarez,drichards@example.org,8f66d68dcb512a1972fa6f94ce80787d51faead73ffaf13c61b61a58f3ca77bb,https://avatars.example.com/ijuarez.png,0,2025-08-07 00:04:02,2026-05-05 15:11:20
19,zacharyking,norrispaul@example.org,14d8123b2f4a52b375102db1b6b2c17fc76ad6e6f740d953cf2c01ad0e09e760,https://avatars.example.com/zacharyking.png,1,2025-07-10 21:54:15,2026-04-28 09:35:10
20,bakerangela,millstracy@example.com,0b93ea5c8a6ceec981fc4cffb1078cf0cdeaf5b16ccb350d95599044b8be3c98,https://avatars.example.com/bakerangela.png,0,2026-03-02 12:55:04,2026-05-14 18:06:34
21,grace74,kimberlysilva@example.com,d18340151d34724808ad2062b9e602a9d06e26e90c5b737a6c778980674d358c,https://avatars.example.com/grace74.png,0,2025-07-09 03:35:23,2026-04-20 20:09:41
22,juanthomas,janetwright@example.org,2237306b375ffa7a229dcbeff899333cfe50efbefa82237e18266c31f32a9cb9,https://avatars.example.com/juanthomas.png,0,2025-07-14 18:49:43,2026-05-06 22:05:47
23,david93,mark57@example.org,61b5b41280207ce71e57a2fff56b2d03bb96b3da6e0b09e82ebca25d663d4f41,https://avatars.example.com/david93.png,1,2025-10-11 15:11:38,2026-05-09 03:33:43
24,ryan44,jessica94@example.net,ad7f8cd3f5fe598f3a16bf08dfd30f0a228533a19b7d2151dfb99715fccf5add,https://avatars.example.com/ryan44.png,0,2026-02-04 14:56:43,2026-05-12 11:51:36
25,dianafitzpatrick,john14@example.net,0f0f0ad038cb696f35bc19c0256fb8796ac1d51fdc472a852c4ba1ef34476178,https://avatars.example.com/dianafitzpatrick.png,0,2025-06-28 17:59:09,2026-04-24 02:30:41
26,jean71,john06@example.net,5b3d55db4de1c3f97f612195eee3a1ad551807a70543a3172f7c34775511e7bb,https://avatars.example.com/jean71.png,0,2025-11-26 20:02:42,2026-05-11 01:44:11
27,wjohnson,btran@example.com,03f7bfc26f91578a8fc5336e4d6043261d3875f8e48338c7f03d06b2af052f44,https://avatars.example.com/wjohnson.png,0,2026-04-08 07:10:16,2026-05-15 23:44:46
28,garystevenson,wmorrow@example.org,804da77587faad0ef7d67d2b40d28044c9979a356c399d10dce30d3893aa889e,,0,2026-03-08 13:21:36,2026-05-12 04:09:04
29,williamlevy,sonya58@example.com,1a8a9c4479d1f4dd4b131f36fea693d300186ee019dc686451ebf6f626d317af,https://avatars.example.com/williamlevy.png,0,2025-11-22 04:22:47,
30,dunlapangela,fmartin@example.com,90e38abe0136d28beb4ef9c79b8abfa26d7e81899810c59641419d406f128a79,https://avatars.example.com/dunlapangela.png,0,2025-08-17 10:06:06,
31,smithrachel,mbautista@example.net,cd2f53da9c9baf571d26aa0f2c46242a25113ca06b48a49cbe766b650b1f27b3,https://avatars.example.com/smithrachel.png,0,2025-06-18 16:35:32,2026-04-19 18:52:58
32,michelle05,rebeccapadilla@example.org,5218602b92b64287493d575e6eb56da3afbe20cf4df2950838651410c681804c,https://avatars.example.com/michelle05.png,0,2025-07-05 06:56:22,2026-05-13 02:48:43
33,qortiz,ryanhawkins@example.com,67351d8333e26c9bd621cd7bb87b62c62ae4fc87f3e3f68b71f34398582f830d,,1,2025-08-06 16:20:48,2026-04-26 04:36:08
34,bthomas,victoriamcconnell@example.org,524e2ac92c4f1d15d76125c509ae6ce29e1a31f3efb24ba604b565db31854f2e,https://avatars.example.com/bthomas.png,1,2026-02-01 06:49:14,2026-05-07 16:40:04
35,caldwelldenise,sharonwilson@example.org,b1a84d9057cf916c7ebeaa8b6bbba88fc0b44275d908aa51129af99f65fceaa9,https://avatars.example.com/caldwelldenise.png,1,2025-07-02 10:05:07,2026-04-19 12:50:24
36,deanna56,brandon30@example.net,f49adf9ae2e2d0625a0f931f75e4f2466a713d708106ec8155bf02bfd1c6bb2d,https://avatars.example.com/deanna56.png,0,2025-12-30 22:54:13,2026-04-19 20:57:26
37,osmith,anthony76@example.com,0ddb30412bdc159ed8f6e05b75f97f23a8a84f7a8a11e516d4587b7b8debd222,https://avatars.example.com/osmith.png,0,2025-08-13 08:08:11,
38,ostephens,garrettgray@example.com,b9c1377a679a462ee769bc6fcd8ebfc0e88cd0d80eaa637ea65f704e0603de7a,,0,2025-06-12 22:40:58,2026-04-29 22:41:38
39,isabellajohnson,sandovalaustin@example.org,917d73cd070648b5ee2ac6e9d7b3a497412466de5b870a7d2575e1ed984d6d87,https://avatars.example.com/isabellajohnson.png,0,2025-12-11 20:16:08,2026-05-14 03:33:28
40,longtonya,rebecca12@example.org,a8bc2b9a162314177c436274a6c7c2cb094319f257a682762884584fa9acdb6d,https://avatars.example.com/longtonya.png,0,2026-03-17 03:25:39,2026-05-06 04:30:13
41,vaughndarrell,meyerssusan@example.org,70e26df13b4fad13caac358f70a0e5d064a3a418c134b7a2fe0918e3f287db00,,0,2026-01-27 08:24:31,2026-05-06 23:44:57
42,thomas73,kelsey22@example.com,26f006044982eb8b0ecc86ea0cee28db2195f8f20cdefe3dd26c57e03dd4f569,https://avatars.example.com/thomas73.png,0,2026-02-01 22:27:24,2026-04-21 04:54:34
43,rmorris,debra74@example.com,110e842b63c5bd7e1c8e5649f49cdbbce975462b81714b53e91effe27e76baba,,0,2026-03-23 08:18:26,2026-04-28 11:57:00
44,barry56,mccallchristopher@example.net,340b607003eec7e24c8975e88f2b1c00e263ecc72a383dc203f71ee5ae73f38d,,1,2025-07-09 20:50:17,2026-04-29 22:46:23
45,valerie25,yoderrebecca@example.org,f698b8aa304c1dd9cf816ca5638b63286afc9cca07d2445bda04f1c0ff497059,https://avatars.example.com/valerie25.png,0,2025-11-04 12:31:20,2026-05-13 03:25:11
46,morganpetty,andrew46@example.org,53667c99bfd095f9fe359303163ae46ba7d4f6bcf1724cbdbf2c811128a04b10,,0,2025-06-21 15:30:59,2026-04-27 21:38:47
47,brownjessica,evansmith@example.com,2e889251f135bf67c31012fe8e8c127da96c4b6e8396ed4a1b8ad239b3591d88,,1,2025-11-19 08:49:48,2026-05-05 21:29:24
48,blakekane,joshua08@example.com,f45ba6b867b4cdb2404aad98cdb1cf8a5ec24deb7973746d1e0c801518d5c941,https://avatars.example.com/blakekane.png,0,2025-10-10 14:31:47,
49,amy95,desireeowen@example.com,df35bcb999c360bf6e21de6cb8c5454f2382ec0963c47409a7103fd4b9b6a0c8,https://avatars.example.com/amy95.png,1,2025-09-04 04:57:35,2026-05-13 09:45:41
50,bwalker,christopher33@example.com,319d16c41e2b18f48035e7f76c1a85a63a04a4a8c32f4feccae88f2a2d622e3c,https://avatars.example.com/bwalker.png,1,2025-07-15 13:03:19,2026-04-26 23:53:03
51,sheltonchristopher,coffeyamber@example.com,705b54dc217db0f42b736323f2af918714f6cbe58fcde4a78604fb97b9e80977,https://avatars.example.com/sheltonchristopher.png,0,2026-03-02 21:52:55,2026-04-18 20:39:52
52,oliverchristina,victorraymond@example.net,dc8cb968f81b86ef7e17d2be45e640a4b87313965ab852ce147d7c8602f0f372,https://avatars.example.com/oliverchristina.png,0,2025-06-07 12:24:01,2026-04-20 07:34:51
53,alexanderpeter,sgonzalez@example.org,f47a2d7dc84f7685dc00c45c323e3dc34511bdd85868f1a7cb2b1f39366b0c84,https://avatars.example.com/alexanderpeter.png,0,2026-01-02 12:22:25,
54,eric86,moorelarry@example.net,3707402843d817741f71b791b8ff02e72157e81d8c18130b9edee6c84fd63ccc,https://avatars.example.com/eric86.png,1,2025-07-01 23:40:07,2026-05-14 01:57:51
55,leestanley,tsanders@example.com,245c655f76dc0fd0275d1d7dd9f97e3cc23d03be89d96d76cf807e944e0dfba2,https://avatars.example.com/leestanley.png,0,2026-01-11 23:17:54,
56,matthew30,bruceturner@example.net,3e16c6dfd00aad9698fb6d0a480bcd3e789dbcbd09d2aa4d0f0bb610d6e849eb,https://avatars.example.com/matthew30.png,0,2025-08-25 16:45:24,2026-05-01 16:17:42
57,tholt,dpowell@example.org,3f5a2fef29f9651b2831bef9b6653fb3d081f1267bb9c01014eeb1a1d8111678,https://avatars.example.com/tholt.png,1,2025-07-06 06:07:06,2026-04-30 23:45:58
58,john94,alex95@example.net,fa16c7aab6fac21567b5af28c5bb1176131ecf216f0ef1acd3e9112d04beb0f3,https://avatars.example.com/john94.png,0,2025-05-20 01:04:14,2026-05-13 18:10:46
59,steven52,carlasherman@example.net,d5d4d5bab9019ac8424d50b69741dfa767bb4a5831f742a8cb56faf6c608f1f4,https://avatars.example.com/steven52.png,0,2025-12-11 05:21:37,2026-04-29 07:13:31
60,danny72,autumn98@example.com,dd882e50459b99e97917dc087b63153b4f41c24b5d0e259828ebf6bc813227c4,,0,2025-06-12 03:25:33,2026-05-04 08:46:28
